이름,구독일,시청시간(분)
공영호,2/28/2020,100
김성수,2/8/2020,15
이정호,3/1/2020,2
박성진,3/2/2020,10
김일일,3/2/2020,45
김이이,3/2/2020,30
강사사,3/2/2020,36
강오오,3/6/2020,24
임오오,3/2/2020,20
임육육,3/2/2020,23
임칠칠,3/5/2020,75
임구구,3/5/2020,85
임십십,3/5/2020,81
정일일,3/5/2020,69
정구구,3/11/2020,34
정십십,3/11/2020,12
송일일,3/11/2020,52
송이이,3/14/2020,25
송삼삼,3/11/2020,7
송사사,3/11/2020,3
장오오,3/14/2020,9
장칠칠,3/14/2020,10
장팔팔,3/14/2020,32
김건우,3/14/2020,33
최민서,3/16/2020,15
김서윤,3/22/2020,2
최준혁,3/11/2020,6
김삼삼,3/11/2020,9
김사사,3/11/2020,14
김오오,3/22/2020,18
이삼삼,3/22/2020,16
이오오,3/14/2020,11
이육육,3/5/2020,7
이칠칠,3/5/2020,6
이팔팔,3/5/2020,5
이구구,3/5/2020,5
박구구,3/5/2020,15
박십십,3/5/2020,2
최일일,3/5/2020,10
최이이,3/5/2020,45
최삼삼,3/26/2020,30
강삼삼,3/26/2020,36
강육육,3/26/2020,24
강칠칠,3/11/2020,20
임팔팔,3/21/2020,23
송오오,3/21/2020,75
장육육,3/21/2020,85
김영진,3/5/2020,81
유병철,3/5/2020,69
김육육,3/5/2020,34
김칠칠,3/5/2020,12
김팔팔,3/5/2020,52
최육육,3/17/2020,14
최칠칠,3/13/2020,18
강팔팔,3/11/2020,16
강구구,3/28/2020,11
오정훈,3/27/2020,7
이지영,3/26/2020,32
김십십,3/16/2020,33
이일일,3/5/2020,15
이이이,3/11/2020,2
